Agent,Market,Difference,Strategy Wins (%)
0.7672926853596593,0.9029176585484953,-0.13562497318883593,
0.8602047536651135,1.236019318759532,-0.3758145650944186,
0.7118063724572965,0.8938953909091808,-0.1820890184518843,
0.6397952410508578,1.1711631231016613,-0.5313678820508034,
0.9858629810326206,0.8839982851129599,0.10186469591966074,
0.720902232239512,1.2412054794520557,-0.5203032472125437,
0.7608079060116076,0.9732850548110562,-0.21247714879944857,
0.8000675605099589,0.7427082998359976,0.05735926067396124,
0.8086359879227798,0.8540508950724872,-0.04541490714970742,
0.7748104861625849,1.1853888683247273,-0.4105783821621425,
0.9197513307584069,1.1896070995203332,-0.2698557687619263,
0.8062693199590494,1.163448660714287,-0.3571793407552377,
0.80322134473584,0.8997367098784057,-0.09651536514256576,
1.0542102390106762,0.8389168097523894,0.21529342925828687,
0.8104139478702707,0.9524972409420702,-0.14208329307179957,
0.8094111503096799,0.9066681053085877,-0.09725695499890774,
0.7351855195400947,1.9265140168201798,-1.191328497280085,
0.7296257364187604,0.9237229636447307,-0.19409722722597034,
0.7544643305152489,0.8461648689489865,-0.0917005384337376,
0.7869287601489677,0.870802675585284,-0.08387391543631628,
0.6541894903814095,0.7662324393358875,-0.11204294895447797,
0.6224706426612479,0.8609280710272604,-0.23845742836601258,
0.5865620277002925,0.8291797959729986,-0.2426177682727061,
0.8235220590510628,0.959006250451624,-0.13548419140056123,
0.8364053968253494,0.9668645454545433,-0.13045914862919383,
0.8466752133691442,1.1083053767340647,-0.2616301633649205,
0.8514963028278217,0.8769867932055339,-0.025490490377712116,
0.8045313636304142,1.0747107438016534,-0.2701793801712392,
0.8595818154630486,0.9369713315003245,-0.07738951603727595,
0.7682587019856132,0.865221075766588,-0.09696237378097483,
0.8479411025733543,1.1059966499162484,-0.25805554734289404,
0.8414787315075501,1.1295842404128684,-0.2881055089053183,
0.8193960589492398,0.872657856093978,-0.05326179714473811,
0.7229941798926031,0.9796454232734214,-0.25665124338081835,
0.8287969063721787,1.62687685072287,-0.7980799443506912,
0.8266803539271673,1.6903765690376569,-0.8636962151104896,
0.7718241024339423,0.9979284542356065,-0.22610435180166422,
1.1234819555179267,1.009937420274084,0.11354453524384267,
0.6147639172261933,1.6680152671755732,-1.05325134994938,
0.7727307620296657,1.0675549871641752,-0.29482422513450945,
0.7182171535685653,0.8367608505680171,-0.11854369699945178,
0.7775754871699747,1.0581457673155272,-0.2805702801455525,
0.7734721502212545,1.1192803745995235,-0.34580822437826897,
0.928670317100489,0.9819872588724889,-0.05331694177199997,
0.513659058793478,0.8613163725110593,-0.34765731371758135,
0.5810604658403864,1.988906497622821,-1.4078460317824346,
0.7508490473494798,0.9321939733855384,-0.18134492603605867,
0.7895065180406468,0.4978440432735238,0.291662474767123,
0.7996676015362967,0.9575885602859927,-0.15792095874969603,
0.7424161617584587,0.7005020431990664,0.04191411855939231,
0.8007616614460076,0.9814345168422419,-0.18067285539623434,
0.6680182986216606,1.1295348837209287,-0.4615165850992681,
0.6723012856600875,1.0656695960654663,-0.3933683104053788,
0.7968212332358423,1.3646749055081326,-0.5678536722722903,
0.7891204869420344,1.054565701559021,-0.26544521461698667,
1.1060507994271536,0.9882477287564696,0.11780307067068396,
0.8888736663161626,1.0599645305298746,-0.171090864213712,
0.8232517738310515,1.0220541902961546,-0.1988024164651031,
0.871931967200804,0.8420509849362683,0.029880982264535727,
0.7732164598567057,0.8529372674109514,-0.07972080755424571,
0.795567999104111,1.2848961148141476,-0.48932811571003654,
0.7832421888563602,0.8118130421041541,-0.028570853247793848,
0.8167989846297795,0.9862737700575539,-0.1694747854277744,
0.7212694770380229,0.9787425486446975,-0.25747307160667454,
0.831136231496175,1.0223978201634885,-0.19126158866731346,
0.673974701870081,1.0691389743416364,-0.3951642724715554,
0.9127558387842933,1.2251900831391676,-0.3124342443548742,
0.7463101006812962,1.0095182388599386,-0.2632081381786424,
0.7724965730316073,1.3570776718718303,-0.5845810988402229,
0.9674151387416036,1.2142977856292658,-0.24688264688766226,
0.7295285575066238,1.1404167574311352,-0.4108881999245114,
1.040042688644177,1.3278234557433666,-0.28778076709918965,
0.8167571397326748,0.9571542623968768,-0.140397122664202,
0.8975758139521394,0.882185643564356,0.015390170387783342,
0.141879399344596,0.42448091603053395,-0.2826015166859379,
0.9222395356453059,0.9546435578809677,-0.032404022235661745,
0.825778632007408,1.051306977748975,-0.225528345741567,
1.0014432839035368,0.9112676056338044,0.09017567826973238,
0.856333851577174,1.1126890446329765,-0.25635519305580245,
0.2922498702080957,1.0212765957446799,-0.7290267255365842,
0.7485942233705183,1.0393846153846171,-0.29079039201409884,
0.7674197041826635,1.485240601815392,-0.7178208976327286,
0.6335995685997013,0.8000215369705159,-0.16642196837081458,
0.8458985968605833,1.0890600966820458,-0.2431614998214625,
0.9606433876521356,1.149461566046492,-0.18881817839435633,
0.7276889105882117,0.9176130037853489,-0.1899240931971372,
0.7881094608375064,1.3695267175572534,-0.581417256719747,
0.9255418582271298,1.8738944694607995,-0.9483526112336698,
0.7458101302451716,0.9479369269241447,-0.20212679667897304,
0.8944630731785628,1.2525200239742833,-0.35805695079572053,
0.7257969303591747,0.9027698532671088,-0.1769729229079341,
0.7289182978217021,1.259728460361884,-0.5308101625401818,
0.6361827746888962,1.0249910497633177,-0.3888082750744215,
0.7644293561286641,0.9727755644090298,-0.20834620828036565,
1.042295496067304,0.9433236958911903,0.09897180017611384,
0.9157581365738474,1.155958768228085,-0.24020063165423755,
0.8131016801600234,1.0607976653696485,-0.2476959852096251,
0.675256317700469,0.9404752184208376,-0.2652189007203686,
0.8104109755007265,1.072738521366389,-0.2623275458656624,
0.7539271935218554,1.2423121387283236,-0.48838494520646814,11.0
0.8069691935619528,0.9535665692318697,-0.14659737566991682,11.0
0.7434546968720481,0.9908586353248455,-0.2474039384527974,11.0
0.8685306540692845,1.0497229720130685,-0.181192317943784,11.0
0.9209260741050086,1.103117505995203,-0.18219143189019438,11.0
0.7640348765977766,0.8985574416314231,-0.13452256503364657,10.0
0.9394366245843124,1.001127588327752,-0.06169096374343952,10.0
0.8051089426262734,1.2789052830114525,-0.47379634038517904,10.0
0.5514571702873781,1.0210228802153434,-0.4695657099279653,9.0
0.7959713766689482,1.06767960936435,-0.2717082326954017,9.0
0.7327006969899136,0.7296095863935066,0.0030911105964069874,10.0
0.6573333499274148,1.6930763905904966,-1.0357430406630819,10.0
0.8242304942971724,0.9500277366863904,-0.12579724238921797,10.0
0.6754677682322362,1.7026473634765018,-1.0271795952442657,10.0
0.8983834962019531,1.1284745555623437,-0.23009105936039054,9.0
0.6247507263555689,0.5582657871712209,0.06648493918434806,10.0
0.6529185376023784,1.184663929726767,-0.5317453921243885,10.0
0.7818908504960262,0.947266413631591,-0.16537556313556478,10.0
0.8235061561922018,1.0118929633300313,-0.18838680713782952,10.0
1.0172540484117323,1.6062165803108792,-0.5889625318991469,10.0
0.7680260313539454,0.8692024741590126,-0.10117644280506721,10.0
0.8218144009261269,1.2484393063583803,-0.4266249054322534,10.0
0.8833549129322872,1.0400017298045319,-0.1566468168722447,10.0
0.7150702816093831,0.9038841172549048,-0.18881383564552168,10.0
0.761605475526139,1.1289748852459005,-0.3673694097197615,10.0
0.9043351090506089,1.1318230358012769,-0.22748792675066798,10.0
0.7044828116186311,1.4130300495978994,-0.7085472379792682,10.0
0.6245744247605446,1.1276807552027468,-0.5031063304422022,10.0
0.7136404823403226,2.3501181243583567,-1.636477642018034,10.0
0.8569677138302709,1.0708244814135661,-0.2138567675832952,10.0
0.7614434286244764,0.9050020798668884,-0.14355865124241196,10.0
0.7854799585338967,0.9613640112155709,-0.17588405268167417,10.0
-0.3884149253916674,0.3658536585365856,-0.754268583928253,10.0
0.6504053611272239,1.454407787993513,-0.804002426866289,10.0
0.6666265186169954,0.9995707786076068,-0.3329442599906114,10.0
1.0845096469206394,0.8529722230599884,0.23153742386065101,11.0
0.74139920474769,0.6847233095214784,0.05667589522621164,12.0
0.8618977329683294,0.9216542308302905,-0.05975649786196113,12.0
0.8807661061905567,0.9169769303037671,-0.036210824113210416,11.0
0.7776045897538127,0.8027481468088972,-0.02514355705508442,11.0
0.8430987988657414,1.0197727272727242,-0.17667392840698282,11.0
0.7762178792297845,1.2234094903339179,-0.4471916111041334,11.0
0.7700222545536018,1.212128279883381,-0.44210602532977916,11.0
0.9318477296578827,1.0031919744642055,-0.07134424480632284,11.0
0.7225450745079488,1.0637518509858916,-0.34120677647794284,11.0
0.7901413046916773,0.7985992637155421,-0.008457959023864814,11.0
0.8857589975634863,1.3693693693693678,-0.4836103718058815,11.0
0.7399171632279702,1.3703366666666685,-0.6304195034386983,11.0
0.7788982176924933,0.8012511170688105,-0.022352899376317126,10.0
0.8157305070144051,0.9314410642362231,-0.115710557221818,10.0
0.8322067373383136,1.0381435776172618,-0.2059368402789482,9.0
0.8861788971482479,1.2288017611477635,-0.3426228639995156,9.0
0.8892376602672656,1.2376843818989807,-0.3484467216317151,9.0
0.8805330065681531,0.8759555592405288,0.004577447327624329,10.0
0.9064228037928668,1.0371860861039905,-0.13076328231112377,10.0
0.9540483065476464,0.5108034938958973,0.4432448126517491,11.0
0.9285608588896679,0.9838492154863318,-0.05528835659666387,10.0
1.1299439549245385,0.7572973901098905,0.372646564814648,11.0
0.8811348926057782,0.5967860828541939,0.2843488097515843,12.0
0.8171455911794059,0.9710904485227451,-0.15394485734333918,11.0
0.8341304581946065,1.2356211152937047,-0.40149065709909815,11.0
0.757568720369371,1.1353468134118256,-0.3777780930424547,11.0
0.913913904884155,1.106327272727272,-0.1924133678431169,11.0
0.9210541403064375,0.9739419017572744,-0.052887761450836845,11.0
0.7070928557336876,0.8866252207623191,-0.17953236502863146,11.0
0.9494981051156776,1.0738851095993944,-0.12438700448371687,11.0
0.8839062938885217,0.9923950381679408,-0.10848874427941912,11.0
0.818285147456037,0.9871359223300976,-0.16885077487406064,11.0
0.5465353315195307,1.7228124313262572,-1.1762770998067265,11.0
-0.20599939110124432,1.2835834328358189,-1.4895828239370632,11.0
0.833631880234305,0.8932181425485979,-0.05958626231429287,11.0
1.2936239401112937,1.3479657387580288,-0.05434179864673516,11.0
1.0200399664468205,1.2858867583957434,-0.2658467919489229,11.0
1.0774355087940901,1.0926801341293846,-0.01524462533529447,11.0
0.8325067255957365,0.642460952121687,0.1900457734740495,11.0
0.8536260978549828,1.0256523970324563,-0.17202629917747347,11.0
0.7203135905774786,0.9882477287564696,-0.26793413817899103,11.0
0.8124050815652578,1.0832070919598273,-0.2708020103945695,11.0
0.9295362388409745,0.9012147569494201,0.028321481891554368,11.0
0.772358146324915,0.9572446189524381,-0.1848864726275231,11.0
0.7959026150704699,0.984171286252275,-0.18826867118180513,11.0
0.8613239496790284,1.1646157288287289,-0.3032917791497005,11.0
0.793743832858406,1.1104919815167176,-0.3167481486583116,11.0
0.9137082036812473,0.9578445772843703,-0.04413637360312306,11.0
0.8255052538441866,0.7796407628502638,0.04586449099392276,12.0
0.7785930212036837,2.072000000000001,-1.2934069787963174,12.0
0.8610248072288406,1.06376497277677,-0.2027401655479294,12.0
0.9300237798127948,0.8356180665610141,0.09440571325178071,13.0
0.6427153273085154,0.7121471180515982,-0.06943179074308281,13.0
0.7339742275147849,1.1647894332112032,-0.4308152056964183,13.0
0.5455485746322675,0.8041777777777768,-0.2586292031455093,13.0
0.7094139455687782,1.0382421727359794,-0.32882822716720117,13.0
0.7721094011240295,1.045100906697864,-0.27299150557383456,13.0
0.8701926596696584,0.8514767133661493,0.018715946303509146,14.0
0.7610794034716055,0.9075135041395579,-0.14643410066795237,14.0
0.9102512175818955,1.1423472820357834,-0.23209606445388786,13.0
0.8311131926151718,1.017512958582857,-0.18639976596768526,13.0
0.6905202498468644,1.279553526128871,-0.5890332762820066,13.0
1.0347372308714682,0.981876396449038,0.05286083442243017,14.0
0.44782539241439767,0.48145530145530097,-0.033629909040903294,14.0
0.8066688744119583,1.4834836628636288,-0.6768147884516704,14.0
0.7496859643910034,0.9913099452848406,-0.2416239808938372,14.0
0.9173545148246337,1.1051200708386866,-0.18776555601405287,14.0
0.5359056926251062,1.0075757575757571,-0.4716700649506509,14.0
1.0336132158720708,0.9265143491198835,0.10709886675218727,15.0
0.7415587911463796,0.9817578772802642,-0.24019908613388463,15.0
0.9020872326595476,1.1291729437530869,-0.22708571109353926,15.0
0.8887535437608531,0.8729124481244601,0.01584109563639302,16.0
0.8052706499262708,1.4057045551298424,-0.6004339052035715,16.0
0.9561805115170197,0.8415924506619796,0.11458806085504003,17.0
0.8402806551817159,0.857550966331585,-0.0172703111498691,16.0
0.8872389074845759,0.9130145254622047,-0.02577561797762884,16.0
0.6610730320935377,0.9972619206624836,-0.3361888885689459,16.0
0.9191385951173463,1.156846118758848,-0.2377075236415016,16.0
1.5982852788501019,1.2655200623847993,0.33276521646530255,17.0
0.9765853837830308,1.0142331288343567,-0.03764774505132584,16.0
0.8844661360589418,1.0925542092734646,-0.20808807321452283,16.0
0.9047011050270575,1.0144841710464625,-0.10978306601940502,16.0
0.856370986544428,0.6692160611854696,0.1871549253589584,17.0
0.8024789281510384,0.8127327664956793,-0.010253838344640887,17.0
0.8178356598957854,0.8839332846412535,-0.0660976247454681,17.0
0.8754450418181319,0.8153447394114088,0.06010030240672304,18.0
0.8774217022789491,0.9722636444974648,-0.09484194221851572,18.0
0.792448024009838,1.0117801570943283,-0.2193321330844903,18.0
0.6238868360781403,0.9619117757463744,-0.3380249396682341,18.0
0.9189167436461058,1.0182728410513124,-0.09935609740520668,18.0
0.8808535193064584,1.0557823371888821,-0.17492881788242376,18.0
0.7901410938651001,1.0883887733887727,-0.2982476795236726,18.0
0.7188537010978266,1.1254708520179362,-0.4066171509201095,18.0
0.8319508861528175,1.1164743740679675,-0.2845234879151499,18.0
0.7543588531414309,1.0025073746312676,-0.24814852148983668,18.0
0.913551981940687,1.14319894724249,-0.22964696530180295,18.0
0.692222479361205,1.3241905139122705,-0.6319680345510655,18.0
0.6413390181292351,0.615959626410311,0.025379391718924116,19.0
0.8168398942264488,1.2305522739125345,-0.41371237968608576,19.0
0.754748786886773,0.9966299416720683,-0.24188115478529526,18.0
0.728202807546481,1.1366806384810817,-0.40847783093460066,17.0
0.9039488741522247,1.0292980496606228,-0.12534917550839808,17.0
0.7902134586940687,1.0432044198895045,-0.25299096119543585,17.0
0.8804242669446671,1.082545000656942,-0.2021207337122748,17.0
0.9020433725319835,0.8305076343446369,0.0715357381873466,18.0
0.8536946813393166,1.20647254073627,-0.3527778593969534,18.0
0.858533373408118,1.255883868751074,-0.3973504953429561,18.0
0.6869656495925881,1.0779528491884838,-0.3909871995958957,18.0
0.7856736808380543,1.0971628169311105,-0.3114891360930562,18.0
0.7829750691839067,0.9982357371260656,-0.21526066794215892,18.0
0.8869763729056968,1.0597057376053793,-0.17272936469968259,18.0
0.9985777025369855,0.8467955864826411,0.15178211605434444,19.0
1.0082073553820547,1.1738998925143536,-0.1656925371322988,19.0
0.8020403046352496,0.8945554530217149,-0.09251514838646535,19.0
0.8807644107749802,1.0150766176374257,-0.1343122068624455,19.0
0.9397633485165289,0.8894639518186791,0.050299396697849774,20.0
0.8335202097685627,0.9473102864797532,-0.11379007671119057,20.0
0.8453057303165371,1.045338729114773,-0.200032998798236,19.0
0.7986414764535343,0.939594046008119,-0.14095256955458468,19.0
0.9795504895739698,1.3272829132839012,-0.3477324237099314,18.0
0.8090131815875027,1.2147076062942415,-0.4056944247067388,18.0
0.6980230693811696,1.3500259746045904,-0.6520029052234207,17.0
0.914787792354339,1.0953287197231845,-0.18054092736884542,16.0
0.8176944213530453,1.0361019348749414,-0.21840751352189613,16.0
0.840015894512362,1.193057722308892,-0.35304182779653004,16.0
0.7897106867791831,1.0823873106060606,-0.29267662382687754,16.0
0.731640995116852,0.8588367697013247,-0.12719577458447273,16.0
1.084499373253476,1.3097704182609833,-0.22527104500750728,16.0
1.169954642609654,1.3378155623337007,-0.1678609197240466,16.0
0.7498351818236201,1.1178034903121092,-0.36796830848848916,16.0
0.960785423876024,0.8072685631258649,0.15351686075015902,17.0
0.8822352921586664,1.1346534697905435,-0.2524181776318771,17.0
0.7418221096411317,1.1951807228915639,-0.45335861325043214,17.0
0.707460471816514,0.8464344941956886,-0.13897402237917467,17.0
0.798364413495685,1.015409493008653,-0.21704507951296803,17.0
0.9943477453256153,1.005307386112339,-0.010959640786723623,17.0
1.0430506092179934,0.6974663233861279,0.3455842858318655,18.0
0.9420569056719026,1.2727265930483804,-0.33066968737647784,18.0
0.9547752895547571,1.0404614795778886,-0.08568619002313149,17.0
0.8337488739797219,1.0629609860476839,-0.229212112067962,17.0
0.9501003652611231,0.9365536688530631,0.013546696408059944,18.0
1.2387715137598936,1.6145000614930498,-0.3757285477331562,18.0
0.7984988281026102,0.8536718604812117,-0.055173032378601494,17.0
0.9631066704047323,1.1249134269092258,-0.1618067565044935,17.0
0.8195316743905426,1.3436236282979206,-0.524091953907378,17.0
1.2652495047602164,0.4454504959045819,0.8197990088556344,18.0
0.9011319867661938,0.8159798767734988,0.08515210999269496,19.0
0.9745876196980998,1.075663361273947,-0.1010757415758472,19.0
0.8692458598586416,1.250071839080462,-0.3808259792218204,18.0
0.884161815659032,1.3125152792675923,-0.4283534636085603,18.0
0.7340397171103126,1.367081061254076,-0.6330413441437635,18.0
0.6854833386445485,0.8937130596712807,-0.2082297210267322,17.0
1.3558867929435505,1.0958970217496553,0.2599897711938952,18.0
0.7858657064601806,1.1147412978259994,-0.3288755913658188,18.0
0.6890200485767306,1.0086191923577934,-0.3195991437810628,18.0
0.9068510551262284,0.9419393282773557,-0.03508827315112728,18.0
0.7272228120195027,0.8224674022066203,-0.09524459018711762,18.0
0.7140370887063113,1.5230109881515665,-0.8089738994452552,17.0
0.7851049255713889,1.125114294806293,-0.3400093692349042,17.0
1.0283829342233066,1.0146855688840415,0.013697365339265133,18.0
0.9589016603959678,1.144103197432452,-0.18520153703648423,18.0
0.8812155333550077,1.062155466779744,-0.18093993342473624,18.0
0.6730589641355766,1.0022913256955812,-0.32923236156000457,17.0
0.9683249913172298,0.9165024808196786,0.051822510497551266,18.0
0.7224245476553602,1.2481188623900001,-0.5256943147346399,18.0
0.8073732660161663,1.124720056081839,-0.31734679006567257,18.0
0.7068394990605111,0.7675392670157067,-0.060699767955195605,18.0
0.7366937651816989,1.1983195821663766,-0.46162581698467764,18.0
0.9751136408249507,1.199878542510123,-0.22476490168517238,17.0
0.9894341037760827,1.641759918616479,-0.6523258148403964,17.0
0.9021250717108581,0.589775291489019,0.3123497802218391,18.0
0.9807747331167493,0.9991410099914093,-0.01836627687465997,17.0
0.7515455403193398,1.090519550080342,-0.3389740097610021,17.0
0.7927326696358257,1.1408193436960283,-0.34808667406020266,16.0
0.9267078649972061,0.9446791390062366,-0.017971274009030425,16.0
0.7554661949500193,1.0359723369116436,-0.28050614196162427,16.0
0.9665065289771272,0.9837773708508505,-0.017270841873723297,16.0
0.9340616575492177,1.2287710052699619,-0.2947093477207442,16.0
1.052363781898523,1.2860115121870253,-0.23364773028850228,15.0
0.8639519722982361,0.9113695007441185,-0.04741752844588243,15.0
1.2191348993481528,1.2477995236615942,-0.02866462431344141,15.0
0.8654605565289732,0.7051163459957245,0.16034421053324877,16.0
4.621430398030957,0.7469565217391295,3.874473876291827,16.0
0.9812474169722261,0.9477439506019071,0.03350346637031898,17.0
0.9710806808143052,0.8463063400037426,0.1247743408105626,18.0
0.7303922363559038,1.1780593939393935,-0.44766715758348974,17.0
0.9751136408249507,1.0175408638567107,-0.04242722303176005,17.0
0.889218471822308,1.4352253032928954,-0.5460068314705875,17.0
0.9751136408249507,0.8905648405477086,0.0845488002772421,18.0
0.49566061841698084,1.1036223985006222,-0.6079617800836413,18.0
0.9521801723419554,1.4257472776437896,-0.4735671053018342,18.0
0.7883207605222466,0.8095613136961491,-0.0212405531739025,18.0
0.8760828673363709,0.6271884709320426,0.2488943964043283,19.0
0.7915363733936402,0.7644588292232257,0.027077544170414525,20.0
0.7824961290174131,0.8015992827407346,-0.019103153723321498,20.0
0.8978464966693587,0.893028155525763,0.004818341143595695,21.0
0.8658370323320821,1.001935375294515,-0.13609834296243295,21.0
0.9351636721046807,1.1669192716556134,-0.23175559955093272,20.0
0.6292947288928895,0.7602262443438923,-0.1309315154510028,20.0
0.9751136408249507,0.9629873685128566,0.012126272312094066,21.0
0.46031546121445527,1.5670028506176361,-1.1066873894031808,21.0
0.8376836801063898,0.6335698453535387,0.20411383475285116,22.0
0.7420712707174248,1.1382775179875286,-0.3962062472701038,22.0
0.8510989074987817,0.8727392254097079,-0.021640317910926243,22.0
0.9864048379297395,0.753360022876751,0.23304481505298857,22.0
1.0145047275650052,0.9377335602107019,0.07677116735430334,23.0
0.796839578783363,1.1217402699515144,-0.32490069116815146,23.0
1.0566666318977653,0.7860894231309342,0.2705772087668311,24.0
0.7563632138423415,1.2989864864864848,-0.5426232726441433,24.0
0.6536360166108247,1.2845829387965937,-0.630946922185769,24.0
0.7734857618036426,1.0577741888122143,-0.2842884270085717,24.0
0.7895568714053459,0.9057172373202942,-0.11616036591494827,23.0
0.7068557289254483,1.8873499118611705,-1.180494182935722,23.0
1.0884559081416252,0.8012108706866115,0.28724503745501373,24.0
1.135959753671299,0.8164917959063456,0.3194679577649535,25.0
0.9232203576184174,1.4580100192324383,-0.534789661614021,24.0
0.9611370515371908,0.9974344334436201,-0.03629738190642939,24.0
0.8729261685195904,0.9988165779100107,-0.1258904093904203,24.0
0.5084341835980108,0.9840943931866548,-0.47566020958864397,24.0
0.8060257374708931,0.801541274817137,0.004484462653756127,25.0
0.8945883607393231,1.1457898045539958,-0.2512014438146727,25.0
0.8930607326962744,1.099829698838304,-0.20676896614202966,25.0
0.8469127284371378,1.0202553757850532,-0.17334264734791538,25.0
1.0635790829144276,0.9074163416011898,0.15616274131323782,26.0
0.9952508027231598,0.9589745501540915,0.0362762525690683,27.0
0.8151103333238717,1.1089651009894135,-0.29385476766554175,27.0
0.8055626654938648,1.089498924678023,-0.2839362591841581,27.0
0.8774958423478219,1.1862296845583433,-0.30873384221052147,27.0
0.7323099220741077,1.0615776621722053,-0.32926774009809756,27.0
0.6834972323196724,1.058059797019291,-0.3745625646996187,27.0
0.5086982468223799,1.7928755399899148,-1.2841772931675348,26.0
0.7604452498478353,1.2103469948066548,-0.4499017449588194,26.0
0.7430590437290031,1.2647402407761943,-0.5216811970471912,26.0
0.8500106034972182,1.1289466420933616,-0.27893603859614335,26.0
0.5371939185046151,1.0558910206014447,-0.5186971020968296,26.0
0.9041940598120048,1.126936248682825,-0.2227421888708201,26.0
1.0729760788460583,0.9533831282952551,0.11959295055080321,26.0
0.885320980564176,1.0814081249096408,-0.19608714434546481,26.0
0.6220199204288396,1.4995444383052379,-0.8775245178763983,26.0
1.085668518301363,0.8957997443061393,0.18986877399522373,27.0
0.7902278267413705,1.2186813014667885,-0.42845347472541806,26.0
0.8015195968305504,1.0983095281142647,-0.29678993128371434,26.0
0.8753505574755964,1.1068983957219247,-0.2315478382463283,26.0
0.6020594423255582,1.1689115962223253,-0.5668521538967671,26.0
0.7141353341084457,1.074898301028954,-0.36076296692050824,26.0
0.09865157319442217,0.9782821365681842,-0.879630563373762,25.0
0.7624578517900684,1.231690590111643,-0.46923273832157464,24.0
0.7934416024145302,0.7628752409804452,0.030566361434084977,25.0
0.8242309539866931,1.173432602935045,-0.34920164894835193,25.0
0.9329492609053617,1.0690273912406612,-0.13607813033529947,25.0
1.0495414950434523,0.9066249820871349,0.14291651295631735,26.0
0.7673465817328323,0.996291301416049,-0.22894471968321672,26.0
0.8200497854001715,0.9310233029381966,-0.11097351753802509,25.0
1.336169063592481,1.1338741061239246,0.2022949574685564,26.0
0.8920893633064614,1.1561141163789495,-0.26402475307248807,26.0
0.8749354581992791,0.8783474409017148,-0.003411982702435701,26.0
0.8774469701078178,0.8903760838878806,-0.012929113780062784,26.0
0.6827234494494376,1.4899746548290385,-0.8072512053796008,26.0
0.8903285669074077,0.9406603535099335,-0.050331786602525797,26.0
0.8079371439817998,1.1714497361029659,-0.36351259212116604,25.0
1.010767566776438,1.1977697612732094,-0.18700219449677147,25.0
1.2322971971754846,1.2636341860350417,-0.03133698885955716,25.0
1.1019302171457874,1.1219518420828722,-0.020021624937084814,25.0
1.1412770804329493,1.159272448428308,-0.017995367995358613,24.0
0.7610198832699727,1.045217124129455,-0.2841972408594823,24.0
0.9857167382104205,1.0393014641030176,-0.05358472589259711,24.0
0.8151220496021665,0.9082880275796833,-0.0931659779775168,24.0
0.9277056787656162,1.0348509444171792,-0.10714526565156302,24.0
0.933534021965755,0.9447100555212817,-0.011176033555526765,24.0
0.7737606096770372,1.1773373722852565,-0.4035767626082193,24.0
0.8850803047145347,1.0666728059674007,-0.18159250125286597,23.0
1.6008609633153572,1.652075843119028,-0.0512148798036709,23.0
0.803465214445286,0.8626647257125353,-0.059199511267249316,23.0
0.8039003593131494,0.8396441831683162,-0.035743823855166834,23.0
0.7514989676171795,1.0828011773854305,-0.331302209768251,23.0
0.7663817526248481,1.621791892911834,-0.8554101402869859,23.0
1.15692326491662,0.8143815472059753,0.34254171771064457,24.0
0.7049908118339502,1.2457968788568625,-0.5408060670229123,24.0
1.238690285942082,1.2593730451101681,-0.02068275916808604,24.0
1.1712614563878336,1.7319298245614017,-0.560668368173568,24.0
0.9961632737865871,0.8424872973626898,0.1536759764238973,25.0
0.7032937699200603,1.2671456564337056,-0.5638518865136453,24.0
1.0554208807214716,0.8713926499032894,0.1840282308181822,24.0
0.8698993440705756,1.0464625956582843,-0.1765632515877087,23.0
0.9078337692719995,1.0237460029138536,-0.1159122336418541,22.0
0.8442791033342242,1.4921455497382186,-0.6478664464039944,22.0
0.9785940507591439,0.9783000293242848,0.00029402143485901533,23.0
0.7649544122589181,0.83725780409042,-0.07230339183150192,23.0
0.6488453118451339,1.3458995249680483,-0.6970542131229144,22.0
1.0340575770553508,1.1435737630158829,-0.10951618596053203,22.0
0.8677775218148663,1.0117342696110119,-0.14395674779614553,22.0
1.0595196450378097,0.8851617335759648,0.17435791146184487,23.0
0.830089401212969,2.2116671206446537,-1.3815777194316845,22.0
0.9638901627213202,0.6511243973161066,0.3127657654052136,22.0
0.40036075881718236,0.9655442735553234,-0.565183514738141,22.0
1.2060264006747075,0.9773414940797711,0.22868490659493634,22.0
1.1313623207915025,0.9128566517703683,0.2185056690211341,23.0
0.9245702968087048,1.1889220149679198,-0.264351718159215,23.0
0.7632466811944214,0.9071553260191213,-0.1439086448246999,23.0
1.0022586863944145,1.0317168791721116,-0.029458192777697123,22.0
0.9085194747348789,0.7701674808094912,0.13835199392538777,23.0
1.081100390588043,1.1057548883160986,-0.024654497728055613,22.0
0.8868841676737222,1.0697814791662463,-0.18289731149252408,22.0
0.8555042904024375,0.9703974047039726,-0.11489311430153515,22.0
0.9991404914444691,1.107124144342094,-0.1079836528976249,21.0
0.9310289337954508,1.0315340235517287,-0.10050508975627792,20.0
0.8598842198595115,0.9348416861530692,-0.0749574662935577,20.0
0.6645816106603373,1.0852554744525553,-0.42067386379221805,19.0
0.7969863399569347,1.1768100476178556,-0.3798237076609209,19.0
1.0087515991903464,1.063576637601119,-0.054825038410772686,19.0
0.7537925367296845,1.1645605167087885,-0.41076797997910397,19.0
0.745307556544763,1.1351791574962533,-0.3898716009514903,19.0
1.0243647086914336,1.1253749853357675,-0.10101027664433393,19.0
0.8314014423086894,1.3135164126016246,-0.48211497029293515,18.0
0.8556423638745043,1.2768870148963916,-0.42124465102188724,17.0
0.9611062137982613,1.1247578221537415,-0.1636516083554802,17.0
1.1196266252051277,0.8189655172413797,0.300661107963748,18.0
1.1128269870211671,0.8126830161054166,0.3001439709157505,19.0
0.9755663511463484,1.001015025174613,-0.025448674028264673,19.0
0.7592038403559793,1.1343258754054724,-0.37512203504949304,18.0
0.8904852118174553,1.0095042659263935,-0.1190190541089382,18.0
0.9009430116413295,1.0340904302389275,-0.13314741859759804,18.0
0.80752803735913,0.9000253036437249,-0.09249726628459487,18.0
0.8730307544122157,1.7168260986547068,-0.8437953442424911,17.0
0.8560940172013911,0.708903929459355,0.14719008774203612,17.0
0.2976786476615969,1.377173351695645,-1.0794947040340481,17.0
0.9395587201924751,0.7236870103491632,0.21587170984331194,18.0
0.8333992702055228,1.0198818807339454,-0.18648261052842252,18.0
1.0530559981340315,0.9779735682819383,0.07508242985209324,19.0
1.1444925286679783,1.032603187157628,0.11188934151035035,20.0
0.8313731478940017,1.289009996667696,-0.45763684877369426,20.0
0.8058324564985822,1.0334312175288012,-0.22759876103021903,20.0
0.9046369741400867,0.8730753225135246,0.031561651626562104,21.0
0.7851778391486331,2.5264003114794726,-1.7412224723308394,21.0
0.9583963961622592,0.9800429244362663,-0.021646528274007037,21.0
1.2054349156585775,0.689382666229497,0.5160522494290806,22.0
0.9624637799784359,1.0820800677822497,-0.11961628780381384,21.0
0.947358489406238,0.9780032236654967,-0.030644734259258732,21.0
0.8649470944402552,0.7366394808111701,0.12830761362908505,22.0
0.9634186672673871,0.9081987146083036,0.05521995265908353,22.0
0.684851111887323,1.7317632797956612,-1.0469121679083382,22.0
0.83756226467172,1.0841265397536395,-0.24656427508191947,22.0
0.8354281960480141,0.7752961082910331,0.06013208775698098,23.0
0.9347791552794272,1.0701293713481335,-0.13535021606870623,23.0
0.8738147596878917,1.0163352005714503,-0.14252044088355864,23.0
0.6296770147608667,1.1391053138404963,-0.5094282990796296,23.0
1.0443625219542971,1.0574259720693042,-0.013063450115007091,23.0
0.806700293367493,1.1028549875239386,-0.2961546941564456,22.0
1.091531660014227,1.3986930961382937,-0.30716143612406666,22.0
1.0020277073707298,0.9261245397790941,0.07590316759163562,23.0
0.8915392664330469,1.0547591069330216,-0.16321984049997462,22.0
0.6699174288013932,0.7621774018651056,-0.09225997306371247,22.0
0.9609752093674055,0.8976356214807657,0.06333958788663985,23.0
0.8707051921040802,0.9966058228993805,-0.12590063079530034,22.0
0.7899547177576616,1.2181841046277682,-0.4282293868701066,22.0
1.077135801533777,1.021383923675839,0.055751877857938004,23.0
1.5039090879671915,1.0515462378115257,0.4523628501556658,24.0
0.8905425116508967,1.4005052083333334,-0.5099626966824367,24.0
0.9282829790703245,1.0578286408750248,-0.12954566180470029,24.0
0.9263205860360457,0.938417558990262,-0.0120969729542163,24.0
1.0127554532965801,1.0686187437371466,-0.05586329044056648,24.0
0.8967748969041893,1.0571254567600477,-0.16035055985585833,24.0
0.8809631821937692,0.9752796945132989,-0.09431651231952964,24.0
0.8680186110519984,1.1648733766032884,-0.29685476555129,24.0
1.2233848236350808,2.580459770114949,-1.3570749464798681,24.0
0.9795327172597691,0.9086181911175524,0.07091452614221672,25.0
0.8776754427702259,0.9233964005537627,-0.0457209577835368,25.0
0.8110262593006601,0.9868776978417271,-0.175851438541067,25.0
0.9723113394872447,0.9894508388987173,-0.017139499411472636,25.0
1.1124235162537544,1.2520989241070495,-0.13967540785329513,25.0
0.9019180536212619,1.1107365582336088,-0.20881850461234697,25.0
0.9912819736305488,1.1385949957378532,-0.14731302210730435,25.0
0.6795191206157727,0.9869369778798722,-0.30741785726409954,25.0
0.9972235769367809,0.9839647310526646,0.0132588458841163,26.0
0.8896946094032481,1.0741509098452964,-0.1844563004420483,26.0
1.214233291075585,1.414099048233585,-0.1998657571579998,26.0
0.9749722783943129,0.9561274074074063,0.01884487098690657,26.0
1.0623430259044857,1.1860764933390617,-0.12373346743457603,26.0
0.825321886934304,1.163973087327461,-0.338651200393157,26.0
0.7579471096918694,0.630653120464441,0.1272939892274284,27.0
0.939776594932135,1.0589959940991678,-0.11921939916703284,26.0
1.1148944621677697,1.4975900127106374,-0.38269555054286775,26.0
0.907600022037335,0.9136680205285854,-0.006067998491250393,25.0
0.9529575553949033,1.3271273973745485,-0.3741698419796452,25.0
0.7079554446279142,1.0874691780821917,-0.3795137334542775,25.0
0.770903759841194,1.194018607103846,-0.42311484726265214,25.0
0.4651440681899406,1.082948905109489,-0.6178048369195484,24.0
0.9988150954257361,0.6852756281102933,0.3135394673154428,25.0
0.8556086615783285,1.2454243516359267,-0.3898156900575982,25.0
1.0261732538931316,1.0221917918562984,0.00398146203683325,26.0
0.9886361485095768,1.1026099768469784,-0.11397382833740155,26.0
1.2487414786051427,0.8622126343662915,0.38652884423885125,26.0
0.9097598563548353,1.2065210195299556,-0.29676116317512036,26.0
0.9727130343613304,0.6982066325469141,0.2745064018144163,26.0
0.9085206100128236,0.9349386188585994,-0.02641800884577583,26.0
1.0793215030032728,0.731340800542042,0.3479807024612308,26.0
0.7881289015378334,1.7110412137471651,-0.9229123122093317,25.0
0.6560804267207403,1.0321166402888549,-0.37603621356811456,25.0
0.9060468763600615,1.4230394138172722,-0.5169925374572106,25.0
0.750429846028768,1.1712555453841296,-0.4208256993553615,25.0
0.7974324966055114,1.0556778982382664,-0.258245401632755,24.0
0.86826729170858,1.2776093546990057,-0.40934206299042575,24.0
1.0711347879455502,0.9643761167361532,0.10675867120939697,25.0
0.9680393752091819,0.7755498059508408,0.19248956925834115,26.0
0.17611849670760818,1.956521739130436,-1.7804032424228278,26.0
1.0804410571895906,0.9516164334156402,0.12882462377395043,27.0
1.1690595085670406,1.0153238275210446,0.153735681045996,28.0
0.8817863741597852,0.9954506854300614,-0.11366431127027621,28.0
0.9885648573571436,1.0677097432010545,-0.07914488584391088,28.0
0.8327730899546866,0.8116482339854809,0.021124855969205658,29.0
0.7742076381287576,1.0847334303479306,-0.310525792219173,29.0
3.480043079914628,0.9066627906976741,2.5733802892169537,30.0
0.9185844466068821,1.1937424125372469,-0.2751579659303648,30.0
1.0442842301691315,0.9313191743942569,0.11296505577487459,31.0
0.9114024930983059,1.2713841368584762,-0.3599816437601703,31.0
1.0783404048447471,1.1940680132958323,-0.1157276084510852,31.0
1.1144560300431459,1.0071931057627177,0.10726292428042816,31.0
0.9203838766647718,0.9855833066551919,-0.06519942999042005,30.0
0.9259061976548382,0.7237956407052621,0.20211055694957603,31.0
1.041836570814693,0.6106498711709123,0.43118669964378076,32.0
0.9596139176424865,1.2969463297655857,-0.33733241212309917,32.0
0.8917809509781889,1.0886006719274945,-0.19681972094930567,32.0
0.8237991886990593,1.5917939871858058,-0.7679947984867465,32.0
0.8574877608204615,1.1071455974955362,-0.24965783667507468,32.0
0.883475066570811,1.002670370370369,-0.119195303799558,31.0
0.871753233848041,0.9954168632472882,-0.12366362939924713,31.0
0.6952855907004246,1.5418281689516915,-0.8465425782512669,30.0
0.9129328625449703,1.0818321636289705,-0.1688993010840002,30.0
0.9995187984692131,1.09686020931938,-0.0973414108501669,29.0
0.9532514840722729,1.0516251113089936,-0.09837362723672072,28.0
1.1142995465053038,0.7068158841370232,0.4074836623682806,29.0
1.0051643443806633,1.0182929381723806,-0.01312859379171738,29.0
0.9216365002840174,1.002246524245505,-0.08061002396148753,28.0
0.7873592252150443,1.0264525887406732,-0.23909336352562893,28.0
0.8671338085840207,1.0785863358172636,-0.21145252723324293,28.0
0.9164085171814252,1.0779920419250293,-0.16158352474360405,27.0
0.8955831662477405,1.1864224818440168,-0.2908393155962763,27.0
3.584086985649563,0.742266666666667,2.841820318982896,28.0
0.9136703353647737,1.1156114064765572,-0.2019410711117835,27.0
0.949564245293207,1.083126493091613,-0.13356224779840586,26.0
0.9166171671989215,0.9625997340425537,-0.04598256684363222,26.0
1.0697390636121447,1.0064469169179582,0.06329214669418648,27.0
0.9106783465690715,1.1172873991309737,-0.2066090525619022,26.0
0.9733349323904097,0.988995841852557,-0.015660909462147266,26.0
0.6601603676037824,0.804419345717215,-0.14425897811343258,26.0
0.8687261014740773,1.0629991967951629,-0.1942730953210856,26.0
1.0398866162434188,0.9663049970137372,0.07358161922968165,27.0
0.880101391734506,1.1061363636363626,-0.22603497190185662,27.0
0.6417398352286774,1.3720604150204438,-0.7303205797917665,27.0
0.9485343994534106,1.0399451135843885,-0.0914107141309779,26.0
0.950746142525041,1.0454981012882847,-0.09475195876324372,26.0
0.7993095618670958,0.7843496138802536,0.014959947986842193,27.0
0.8617118115648622,1.1118323353293424,-0.25012052376448024,26.0
0.9071043815666388,0.8260665729020149,0.08103780866462384,27.0
0.9231801871507824,1.8180603793748304,-0.894880192224048,27.0
0.9953602673886514,1.1903954543371689,-0.1950351869485175,26.0
0.9729428240380406,0.9433732982201969,0.029569525817843667,26.0
0.9597154479610125,1.105751122700275,-0.1460356747392625,26.0
1.0350715190006534,0.7220528455284563,0.31301867347219714,27.0
0.9324331112268646,0.7192610268647511,0.21317208436211343,28.0
1.000174031247504,1.2210668880248172,-0.22089285677731318,28.0
0.924361769290135,0.9842183622828765,-0.059856592992741486,28.0
0.9577733015894757,1.0915151515151522,-0.1337418499256765,28.0
1.004094582841948,1.0798244361975453,-0.07572985335559723,28.0
1.1364486519147448,1.1185483870967727,0.017900264817972023,29.0
1.0122449964875329,1.0409558878785599,-0.028710891391027005,28.0
0.8923736863195627,0.9075119811975052,-0.015138294877942493,28.0
1.1755119589221186,1.4337349397590347,-0.2582229808369161,28.0
1.0556344954501322,1.0276843896567471,0.027950105793385083,29.0
0.966427351522239,0.8118897560657024,0.15453759545653667,30.0
0.9430314956817127,1.0343069415106696,-0.09127544582895686,30.0
0.8451616734030233,1.2914842415113041,-0.44632256810828086,30.0
1.2464932095870926,1.7155721069955279,-0.4690788974084352,30.0
1.1463147655235608,0.7904361267256261,0.3558786387979347,30.0
0.9153225165715189,1.0094495412844053,-0.09412702471288648,30.0
0.9582293030926414,0.9941608778818077,-0.03593157478916631,30.0
0.9259721090502016,0.8424872973626898,0.08348481168751176,30.0
0.915892030134408,1.7380824283316885,-0.8221903981972805,30.0
0.937122491481112,0.9644700277888062,-0.027347536307694154,30.0
0.8279804935542026,0.7541851480898558,0.07379534546434674,30.0
1.1150842957585911,0.7965260545905711,0.31855824116802,31.0
0.9447277562800466,0.9931986200098557,-0.04847086372980913,31.0
1.0297969386742354,0.9224756884486052,0.10732125022563022,32.0
0.9368268581176595,1.096347106427217,-0.15952024830955747,32.0
0.988575058716524,0.9830119599707111,0.0055630987458128445,33.0
0.9017214435431302,1.0916579937293842,-0.189936550186254,33.0
0.9133682512749524,1.131315646258505,-0.21794739498355264,33.0
0.6186792226094842,2.187500000000001,-1.5688207773905167,32.0
0.9380135082480072,0.9425676433006772,-0.004554135052669994,32.0
0.9975975915336094,1.2783050550477468,-0.28070746351413745,31.0
0.935813188088707,1.0085557274013623,-0.0727425393126554,31.0
0.8809416331765494,1.3952687513278215,-0.5143271181512721,30.0
0.7125772254993455,0.9674414517333797,-0.25486422623403415,30.0
1.02122002301775,1.1597718033682909,-0.13855178035054094,29.0
0.8897115631914497,0.8963313744508472,-0.006619811259397479,29.0
0.8977157314527283,0.8382883189332608,0.05942741251946748,29.0
0.8996186645450542,1.1878650328872598,-0.2882463683422055,29.0
0.9377221850768171,0.9978844119626893,-0.06016222688587214,29.0
1.0207815523507724,1.1371434032589458,-0.11636185090817341,29.0
0.952950542871664,0.9450198929894363,0.007930649882227692,30.0
0.9767038380895054,0.7889373004267531,0.1877665376627523,31.0
0.9179431978449818,1.0190659609522636,-0.10112276310728185,31.0
0.9343821311234739,1.1328324999999986,-0.19845036887652467,30.0
0.9637238311015911,1.2174304890545051,-0.253706657952914,29.0
0.8771857076045305,1.072854285714288,-0.19566857810975746,29.0
1.606467946341801,1.9902527777777788,-0.38378483143597775,28.0
0.8786490950724785,0.8870859819337567,-0.008436886861278192,27.0
0.986270322396879,1.1243195200533271,-0.13804919765644819,27.0
0.8554370514281023,0.9655854254610065,-0.11014837403290412,27.0
0.9629523467168413,1.0258976103750552,-0.06294526365821396,26.0
0.8761836558392802,0.9531845319406238,-0.07700087610134365,26.0
0.9978516913598509,0.8229460317460322,0.17490565961381865,26.0
0.9565478265724341,1.0351042701092341,-0.07855644353680002,26.0
1.1324452350858503,0.7505079825834533,0.38193725250239696,26.0
0.9819000323576561,1.0759919839679357,-0.09409195161027961,26.0
0.9923746609795386,1.0210494712613012,-0.028674810281762553,26.0
1.0855601831052868,0.9807839275741462,0.10477625553114056,26.0
0.7844601635414955,0.9041525020242429,-0.1196923384827474,26.0
1.0057568138143873,0.9737520722048243,0.032004741609563014,26.0
0.9198039064786955,1.1257685858021238,-0.20596467932342832,25.0
1.061538109348746,1.1654250564045776,-0.10388694705583168,25.0
0.9466693178709094,0.9517625371789612,-0.005093219308051844,25.0
0.9079907017562375,1.15224579441508,-0.24425509265884238,25.0
1.0588975580234445,0.8469895420854918,0.21190801593795272,26.0
0.9050951376390679,0.8520136671707842,0.05308147046828371,27.0
1.021123148935337,1.096347106427217,-0.07522395749188004,27.0
1.0604530449014147,1.2206123564789515,-0.16015931157753682,27.0
0.974854249284736,0.9177317467313058,0.05712250255343021,28.0
0.9442620512834811,1.0128065395095376,-0.06854448822605652,28.0
0.9694667186303152,1.1197469982847341,-0.15028027965441892,28.0
1.320463489948039,1.043750208333334,0.2767132816147049,28.0
0.8406671306842038,0.8102970516515187,0.030370079032685182,29.0
0.8507342860401474,0.7839616175462649,0.06677266849388253,30.0
1.0330807516252285,1.0959614040471197,-0.06288065242189123,30.0
0.9688721083032856,1.007205812521473,-0.03833370421818727,30.0
0.8324688681293735,1.0397227778036195,-0.20725390967424606,30.0
0.8951997060728167,1.111276535667529,-0.2160768295947122,30.0
1.0761344212860706,0.9761596148504753,0.09997480643559531,30.0
0.8350271984780814,1.114413052865339,-0.2793858543872577,30.0
0.8920477959103058,0.8664330804577643,0.02561471545254146,31.0
0.947118314842036,0.7679435043526193,0.17917481048941675,32.0
1.0039970224108994,1.0885743295705674,-0.08457730715966805,31.0
1.2508937588350921,1.446876668446343,-0.19598290961125087,31.0
0.9456061219578439,1.1381423856671395,-0.19253626370929566,31.0
0.9030535190060021,1.0180611948887404,-0.1150076758827383,31.0
1.1116705639135849,1.3272137543845794,-0.21554319047099457,31.0
0.9262477956044295,0.939367407245266,-0.013119611640836526,30.0
0.9399030656800831,0.8704681394554807,0.06943492622460234,31.0
1.091702668573599,0.8816837315130824,0.21001893706051666,32.0
0.9599500924457075,0.8263351749539593,0.13361491749174825,33.0
0.8976161490210806,1.1949024179414591,-0.29728626892037857,33.0
0.9100275632473827,0.8924689357104268,0.017558627536955806,33.0
0.8579265597766402,0.9087499999999998,-0.050823440223359606,33.0
0.8659336838731551,0.9631886529542658,-0.09725496908111075,32.0
1.129852692143656,1.0938781888502571,0.03597450329339891,33.0
1.0416400370991235,0.8079634968142337,0.2336765402848897,34.0
0.9997518012491092,0.8818937456405496,0.11785805560855966,34.0
1.093375835025828,1.2113826325527979,-0.11800679752696985,34.0
0.8899987311241176,1.0486599297012305,-0.1586611985771128,33.0
0.9117551185950479,0.8283076923076931,0.0834474262873548,33.0
0.8936494048727609,0.8082879265844564,0.08536147828830454,34.0
0.8465030803718552,1.011573558869353,-0.1650704784974979,34.0
1.1858953395847385,1.7212671486309559,-0.5353718090462174,34.0
0.9396802159008637,1.1361780212963948,-0.19649780539553108,34.0
0.410181815289444,2.2727103305015026,-1.8625285152120585,33.0
0.8912501446069806,1.3869182389937098,-0.4956680943867292,33.0
1.1071604954932859,0.9029510005209441,0.20420949497234175,34.0
0.9574803394646189,0.818802330949974,0.13867800851464485,35.0
0.8970099173272574,1.01533469006105,-0.1183247727337926,34.0
0.8821790503046755,1.0545890550415122,-0.17241000473683676,33.0
0.9357356847538006,0.902912621359225,0.032823063394575636,34.0
1.0450924883265948,1.0298153602988747,0.015277128027720188,35.0
0.8288513233912237,1.1481376975169304,-0.3192863741257067,35.0
0.9432403124832465,0.6748433798882669,0.26839693259497954,35.0
0.9349641832458995,1.0903531552489583,-0.1553889720030588,35.0
0.9716994775770541,0.9128566517703683,0.05884282580668576,36.0
0.8785711016890834,0.8981970926939766,-0.019625991004893262,35.0
0.8837188071357851,1.049206789578551,-0.16548798244276597,35.0
0.9850080057642115,0.9930151185301809,-0.008007112765969326,35.0
1.7044398280873356,1.3756476683937813,0.32879215969355435,35.0
0.855134179899312,1.078241326028936,-0.22310714612962412,34.0
1.048402826315554,0.9611368382820297,0.08726598803352437,35.0
0.99436790212493,1.0197735923673918,-0.025405690242461865,34.0
0.8369448168762487,0.5946535216608207,0.24229129521542792,35.0
0.9610588023535314,0.8485424028268562,0.11251639952667514,35.0
0.8863750683519003,0.8259643853858251,0.06041068296607521,36.0
1.0817622746289202,1.436077015643801,-0.3543147410148808,36.0
0.943020814509833,1.0598762290031336,-0.11685541449330061,36.0
0.8907886934993432,1.0622640191245138,-0.17147532562517065,36.0
0.9008724843113192,0.7156220767072019,0.18525040760411726,37.0
1.000241203420811,1.101719825696828,-0.1014786222760169,37.0
0.9537400909096733,0.8923839886645409,0.06135610224513233,38.0
0.9594166834800055,1.1098749993772394,-0.1504583158972339,38.0
1.0901739107122992,1.6733966745843227,-0.5832227638720235,38.0
1.0700711578837845,1.0586353944562912,0.011435763427493306,39.0
0.9440811392656128,1.015712187958881,-0.0716310486932683,38.0
0.941249698742828,1.1081751572145613,-0.16692545847173323,38.0
1.0087168066809422,1.2347484227864598,-0.22603161610551759,38.0
0.9308167851378738,1.0668913333333325,-0.13607454819545872,38.0
0.9490222529769822,1.1023878899913584,-0.15336563701437622,37.0
0.9700046408558872,1.2045339096543002,-0.23452926879841296,36.0
0.9878278785959396,1.159556285398302,-0.17172840680236234,36.0
0.8352614323501986,0.9376557763556757,-0.10239434400547709,36.0
0.9585843523884257,0.9930542183588705,-0.03446986597044488,36.0
1.3068125902391035,1.214271419714817,0.09254117052428645,37.0
0.921039220282555,0.9725578247468881,-0.051518604464333095,37.0
0.9482062562126337,1.0408658008658014,-0.09265954465316772,37.0
0.9483720731047166,1.0213312471890883,-0.07295917408437169,37.0
1.0026031638285646,0.9333182913809599,0.06928487244760473,38.0
0.8799622047505938,1.0273843930635835,-0.1474221883129897,38.0
0.9372975733870278,1.5574468085106374,-0.6201492351236096,38.0
0.9273645541440985,1.076320205104689,-0.1489556509605905,37.0
0.8391138349883115,1.028994036409292,-0.1898802014209805,37.0
1.5959210613480337,2.5722140153511157,-0.976292954003082,36.0
0.7497440850684226,1.2629822402735273,-0.5132381552051047,36.0
0.8791939283145098,1.0400471918623968,-0.16085326354788698,36.0
0.9250359930926803,1.0004236306230636,-0.07538763753038336,35.0
0.9544928421724804,1.1111993606074235,-0.1567065184349431,35.0
0.8873205680736179,1.1759656652360508,-0.2886450971624329,34.0
1.0404624142047378,1.236818753235228,-0.1963563390304901,34.0
1.0212830262207202,0.9879668049792529,0.03331622124146727,35.0
1.0128120144216595,1.225217682518419,-0.21240566809675943,35.0
1.1618789955702662,0.9722428315803262,0.18963616398994,36.0
1.1091866585011072,1.0993185420905178,0.009868116410589378,36.0
1.0010055840806533,1.0310023685051948,-0.029996784424541456,35.0
0.8632539375982782,1.0647999474163592,-0.20154600981808102,35.0
0.9637435001895522,1.230131344612645,-0.2663878444230927,35.0
0.9929754528645315,0.9185814573996841,0.07439399546484737,35.0
0.9672724142861749,1.1931722156498228,-0.22589980136364785,35.0
0.7574003295061777,0.9646902009439409,-0.20728987143776312,35.0
0.9589563279188218,0.8815241963619657,0.07743213155685613,35.0
0.9989152251429316,0.936594749547375,0.062320475595556646,35.0
0.8956955152254034,0.8742057975343813,0.021489717691022037,35.0
1.1481917599759632,1.3543897662665834,-0.20619800629062013,35.0
0.9426824429831757,1.0352270266368286,-0.09254458365365292,35.0
0.8982149580176203,1.0812147887323937,-0.18299983071477344,35.0
0.8692166426460407,1.073236363636365,-0.2040197209903244,35.0
2.4516735000075722,1.013197969543146,1.4384755304644263,35.0
0.9171738206852186,0.9785546008451246,-0.061380780159906,35.0
1.0233895506834942,1.2485576179427682,-0.22516806725927396,34.0
0.9111340230956708,0.9600655802861684,-0.04893155719049758,33.0
0.9597221005268464,1.0525080540532632,-0.09278595352641683,33.0
0.9697162562366809,1.0454187966968134,-0.07570254046013247,33.0
0.9732173001377954,0.9859375815653082,-0.012720281427512803,33.0
1.1424757305259443,0.48309859154929513,0.6593771389766492,34.0
0.9485837937295886,0.9338235294117659,0.014760264317822624,35.0
0.9810215184084953,1.0726564102564098,-0.09163489184791451,35.0
1.0009501695479885,0.8371888183208936,0.1637613512270949,35.0
0.8963958561621769,0.9990547565998255,-0.10265890043764858,34.0
1.0038836458501212,1.0791504372749308,-0.07526679142480952,33.0
0.9310417606006314,0.9565740680502227,-0.02553230744959134,33.0
0.9212062730890447,0.4850026671043449,0.43620360598469976,33.0
0.9457609746201749,0.9139407961276103,0.03182017849256469,34.0
0.9212397370645483,0.8972957255015981,0.02394401156295023,35.0
1.0322772442572685,0.952743911570475,0.07953333268679352,35.0
0.907431915683619,0.9384935191978482,-0.031061603514229152,34.0
0.9000248086773295,0.886456895786731,0.013567912890598444,34.0
0.9066197495521741,1.0689366423147493,-0.16231689276257522,34.0
1.0866786893433489,1.3766335082982117,-0.28995481895486286,34.0
0.9950457278391568,0.9635584773115647,0.03148725052759205,34.0
0.9611927207280527,1.0237289294628515,-0.06253620873479881,33.0
0.9692475070432701,1.1088946893118956,-0.1396471822686255,33.0
1.0517599072551795,1.1208187390542892,-0.06905883179910965,33.0
0.912321175279788,0.8694499668654745,0.042871208414313466,34.0
0.9411663936786906,0.9916388217359842,-0.05047242805729357,34.0
0.7771639422225709,0.6212034383954151,0.15596050382715576,35.0
0.7806625267011927,0.9875239130434786,-0.2068613863422859,34.0
1.0302412306418391,1.0920925349359225,-0.061851304294083365,33.0
1.0337184701877111,1.154272634791454,-0.12055416460374291,33.0
0.9598102565707021,1.0356996587030716,-0.0758894021323695,33.0
0.8702089664169224,0.7837339548474624,0.08647501156945991,33.0
0.8993097848536192,0.8662260436337327,0.03308374121988655,33.0
1.0161209009684837,1.1225956602094607,-0.10647475924097694,33.0
1.0673525964365844,1.043629430237774,0.02372316619881043,33.0
1.0449643105603865,1.134667787200447,-0.0897034766400604,33.0
0.9624350438275056,1.2137739973594783,-0.2513389535319728,32.0
0.9374960071102775,1.0928320068614958,-0.15533599975121837,32.0
1.2659163625560104,1.7106846153846196,-0.4447682528286092,32.0
0.9857183323319226,1.1640844562945891,-0.1783661239626665,32.0
0.9726966787125633,1.0008921223863396,-0.028195443673776355,31.0
0.9782080213827273,1.089958269505044,-0.11175024812231671,31.0
0.9305506666765355,1.0096629213483153,-0.07911225467177974,30.0
0.99666183862786,1.167077996247042,-0.17041615761918194,30.0
0.97343327735898,0.9545302200871407,0.018903057271839274,30.0
0.8833552063903829,0.9356294524958959,-0.05227424610551301,29.0
0.9431249579351603,1.2609650660123852,-0.31784010807722496,28.0
1.1837681097390782,1.4139627609131489,-0.23019465117407067,28.0
0.9835325624065525,0.8120737389425361,0.17145882346401642,29.0
0.9183611157638245,0.9617892644135182,-0.04342814864969369,29.0
0.8169691677412146,1.0427592013471247,-0.2257900336059101,28.0
0.8215693222726129,0.7100371219303255,0.11153220034228739,29.0
0.9402644926059017,1.0878701938723325,-0.1476057012664308,28.0
0.9324751827356922,1.1229076255424677,-0.19043244280677551,28.0
0.963680333037866,1.0176823278344251,-0.054001994796559094,28.0
0.879140773494374,0.8487029127813565,0.030437860713017573,28.0
1.7221308800365482,2.5722140153511157,-0.8500831353145675,28.0
0.9602212188418319,1.0453645276292316,-0.08514330878739973,28.0
1.0146554271440038,1.1743152415391451,-0.15965981439514132,28.0
0.9321509150049706,1.036271808999082,-0.10412089399411129,28.0
0.888795400999287,1.0490044816692374,-0.16020908066995043,28.0
1.0331303124849018,0.8702280130293154,0.16290229945558643,29.0
0.8064432955025338,0.9628854586791102,-0.15644216317657644,29.0
0.8906600417266995,0.7841356342718738,0.10652440745482572,30.0
0.9054487351248245,1.1296488198042607,-0.2242000846794362,30.0
0.9392374702930248,1.0409926245874248,-0.10175515429439996,29.0
0.9586035572218261,1.0100810045354618,-0.05147744731363568,29.0
0.9664475195786639,1.1410985975856576,-0.17465107800699364,29.0
1.1269815364542717,1.3466798418972312,-0.21969830544295954,29.0
0.9199697261202857,0.8044756710595259,0.11549405506075983,29.0
0.9150108059703034,0.9906486806040725,-0.07563787463376914,29.0
0.8495287801546013,0.9090739780658011,-0.05954519791119983,29.0
1.090062201935843,1.0539121106166558,0.03615009131918723,30.0
0.9720677172393903,1.1035412453984563,-0.131473528159066,30.0
1.200242710724794,1.3782344790319194,-0.1779917683071255,30.0
1.1086550375339213,1.3061389422053453,-0.19748390467142407,30.0
0.9113730604411038,0.9440582407356716,-0.032685180294567795,30.0
0.9553998114032782,1.1308970431893695,-0.17549723178609122,30.0
1.0805780721330442,1.2861804767309888,-0.20560240459794454,30.0
1.0734567465224925,1.0209975713492965,0.05245917517319598,31.0
0.9997202470631433,1.181870174435231,-0.18214992737208757,31.0
0.9357032294805181,0.996794973502998,-0.061091744022479855,30.0
0.9387028815229581,1.3344291912864477,-0.39572630976348955,30.0
1.0040009941209935,1.1122871163282964,-0.10828612220730283,29.0
0.7471947288796783,1.0528348382588246,-0.3056401093791463,28.0
1.0461290618207597,1.3052222843392252,-0.25909322251846545,28.0
0.8042360625327305,1.2219081493225417,-0.41767208678981116,28.0
0.9935762323262635,1.1451216179283947,-0.15154538560213127,28.0
0.9692409303657031,1.052352941176469,-0.0831120108107658,27.0
1.0142022081200248,1.236771438070636,-0.22256922995061124,27.0
0.9225567469376182,0.9010992572426946,0.02145748969492367,28.0
0.9238989219283904,0.9399137776181069,-0.0160148556897165,27.0
0.990180103870657,1.1106576728499165,-0.12047756897925943,26.0
0.9518692539334362,1.0758266187941552,-0.12395736486071895,25.0
0.895368009456875,0.9273318457820268,-0.03196383632515176,25.0
0.9270006182021666,0.9295731968608052,-0.00257257865863858,25.0
0.9932097512019368,1.0215273412947816,-0.028317590092844847,25.0
0.8970456314571231,0.7648460410557177,0.1321995904014054,26.0
0.9240246923013916,1.044066079295153,-0.12004138699376143,25.0
0.9153718425025281,0.9696285583265729,-0.05425671582404479,25.0
0.9058095196962817,1.1427988678686483,-0.2369893481723666,25.0
0.9027125777492472,0.9628690724724129,-0.060156494723165754,25.0
0.8412742638644268,0.8746623358159163,-0.03338807195148952,25.0
0.866502432901386,0.6881159221234083,0.17838651077797762,26.0
0.9005027592330234,1.0529763033175368,-0.1524735440845134,26.0
0.8910243042572232,0.7829829498427411,0.10804135441448215,26.0
1.0531291974261088,1.2195434726853032,-0.1664142752591944,25.0
0.9513254787462981,1.075600194580362,-0.1242747158340638,25.0
0.9691754785254769,0.9720625450401383,-0.0028870665146614183,24.0
1.2809880333574786,0.988219506899127,0.2927685264583516,25.0
0.992702602494434,0.9391843197491833,0.05351828274525072,26.0
0.9877939269810172,1.1054395288223937,-0.11764560184137651,26.0
1.0069152811787123,0.9766743534880598,0.030240927690652564,26.0
0.8627827090872958,0.8892861261676844,-0.026503417080388614,25.0
0.9517209315283637,1.1390416965638208,-0.18732076503545714,24.0
1.1150341806791204,1.2809192402493867,-0.16588505957026634,23.0
0.8325976740664722,0.9357543811610085,-0.10315670709453628,23.0
1.1111079083363844,1.316653061224488,-0.2055451528881036,22.0
1.1780770161395373,1.3856907096398412,-0.2076136935003039,22.0
0.8623651165797267,1.0893362692670643,-0.22697115268733759,22.0
0.9742318519867831,0.8149159761122168,0.1593158758745663,22.0
1.2081631589096524,1.3464669312348478,-0.13830377232519542,22.0
0.9159997199830819,1.0273476702508966,-0.11134795026781463,22.0
0.9942025674790346,0.8932689690141076,0.100933598464927,23.0
0.9205077164916577,0.6083413502348489,0.3121663662568088,23.0
1.026035769497663,1.07325273371777,-0.047216964220107016,23.0
1.0101364147038667,0.9368166750462293,0.07331973965763738,23.0
0.9631491847519119,0.978341362423857,-0.01519217767194514,23.0
1.0057913493686204,1.2367664357600328,-0.2309750863914124,23.0
0.8815803264042467,0.9755599884271595,-0.09397966202291286,23.0
1.3423262310645903,1.8294482148126288,-0.4871219837480385,23.0
1.0417993855973067,1.4440994536283378,-0.40230006803103113,22.0
0.9384420140682926,0.7962185197150817,0.1422234943532109,22.0
0.9167192776936467,0.9196926988338022,-0.00297342114015553,22.0
0.847378435069899,0.9907902286194503,-0.14341179354955136,21.0
0.920847136818514,1.010981574539362,-0.09013443772084795,21.0
0.8768769446673034,0.9280416991667599,-0.051164754499456566,21.0
0.9046234524298659,0.7789610954140396,0.1256623570158263,22.0
0.8935726961888787,0.8367608505680171,0.05681184562086161,23.0
1.0029235444799107,1.3436355896126002,-0.3407120451326895,23.0
6.623328891602917,0.3455026851504929,6.277826206452424,24.0
0.9646897020114258,1.0109272938160057,-0.04623759180457987,24.0
0.9489323095643492,1.0329059374334977,-0.08397362786914853,24.0
1.04698756389787,1.0231388087183286,0.023848755179541437,25.0
0.9191223816516131,0.8621105095626967,0.05701187208891634,25.0
1.0377404442738878,0.83948905109489,0.19825139317899776,26.0
1.0707073080108003,1.2672169490266925,-0.1965096410158922,26.0
0.9909935384023132,1.0714922846539503,-0.08049874625163711,26.0
0.8715114181489176,1.2201687424668546,-0.34865732431793695,25.0
0.9003726160935374,0.9973262032085546,-0.09695358711501723,25.0
0.9093807113838037,0.7996509979278013,0.10972971345600246,26.0
0.8682384599478226,0.9027777777777783,-0.034539317829955785,25.0
1.076029253158816,1.1962209302325575,-0.12019167707374145,25.0
0.933659405980574,1.0276262419591167,-0.09396683597854272,25.0
0.9263743114247456,1.0379000831101686,-0.11152577168542299,25.0
1.0007393502383726,1.173238602723505,-0.17249925248513254,24.0
1.0378696470237079,1.1042793900639432,-0.06640974304023528,24.0
0.9712722946966611,1.115667718191378,-0.144395423494717,24.0
1.0092617191298814,0.8878093982767478,0.12145232085313362,25.0
0.8985933825062346,0.9789583969965518,-0.0803650144903173,25.0
0.9066089679047175,0.9520086862106414,-0.04539971830592393,25.0
1.080929789947063,1.0712492274412857,0.009680562505777202,25.0
0.9245912844754106,0.994745974026793,-0.07015468955138238,25.0
0.944068965310939,1.015873200365738,-0.07180423505479905,24.0
1.208655555658303,1.0593553434902891,0.1493002121680138,25.0
1.029449647111969,0.7475522917465046,0.28189735536546434,26.0
0.956725111246073,0.9407826060518026,0.015942505194270318,27.0
1.0557019810402473,1.038143275424556,0.017558705615691172,28.0
0.9252236176069,0.9373276971145003,-0.012104079507600285,28.0
1.7081109027701573,1.3527272727272732,0.3553836300428841,28.0
1.105229970151925,0.8533472095709548,0.25188276058097026,29.0
0.9576406535287862,1.0894732382431873,-0.13183258471440107,29.0
0.8932261208350376,1.2316880822695646,-0.338461961434527,28.0
1.1203695001337937,1.3864942528735664,-0.26612475273977276,28.0
0.8681845883304639,0.8513415518491657,0.016843036481298146,29.0
0.9063530440324532,0.8438767002820944,0.06247634375035882,30.0
0.8598661760018937,0.5328025636618664,0.32706361234002734,31.0
1.4936938519988818,1.6231425091352034,-0.1294486571363216,31.0
0.9377564481513074,0.9847897530968233,-0.04703330494551583,31.0
1.6167334296695814,1.5840994327028526,0.03263399696672886,31.0
0.9398541188077305,0.954154727793696,-0.014300608985965524,31.0
1.0788125018641062,1.1017190250018087,-0.022906523137702584,31.0
1.1158858162438985,1.446591102910394,-0.33070528666649546,31.0
0.8770949834524162,1.0817038404375179,-0.20460885698510167,31.0
0.8442276836871689,0.775096774193549,0.06913090949361989,32.0
0.9796711980053854,0.9524161432031855,0.02725505480219992,33.0
1.0249613268554303,1.0696010407632277,-0.04463971390779742,33.0
1.104003605893065,1.327700663850331,-0.22369705795726613,33.0
1.0584112875508116,0.9879462723136149,0.07046501523719673,34.0
0.8143206953031513,0.9358124635424182,-0.12149176823926688,34.0
1.0107664285279312,1.269344461832724,-0.2585780333047929,33.0
1.1823230146946073,1.3030154449620013,-0.12069243026739396,33.0
0.9525621666782614,0.9105994394560344,0.04196272722222705,34.0
0.7239860554047087,0.7522026431718052,-0.028216587767096457,34.0
0.8441461716041873,0.9116440176519208,-0.06749784604773357,34.0
1.1271462472130833,0.9856078909769268,0.14153835623615652,35.0
0.7482945993664556,1.0946059647385211,-0.3463113653720655,35.0
1.0023287129746188,1.1149235396280752,-0.11259482665345644,34.0
0.9053660448824875,0.67790611188092,0.22745993300156753,35.0
0.9108761338875562,0.8175923315477874,0.09328380233976874,36.0
0.8907080074554601,1.0208789676699754,-0.13017096021451535,36.0
1.0052462251456582,1.3262901678095853,-0.3210439426639271,36.0
0.6818216872722739,2.176188963781158,-1.4943672765088838,36.0
0.9850279545076356,0.9714082074618258,0.013619747045809816,36.0
0.9555620189142969,1.0815285859979586,-0.12596656708366172,36.0
1.2567359370058653,1.235306685312509,0.0214292516933563,36.0
0.8727298213740072,0.8869412135629217,-0.014211392188914429,36.0
1.080985528877821,1.284021965369118,-0.2030364364912971,36.0
1.0383342075961992,1.0761627906976752,-0.037828583101475965,36.0
0.9286166949000435,1.0140609866069938,-0.08544429170695034,35.0
0.8624532214205547,0.9276150868245794,-0.06516186540402469,34.0
1.258226291346741,1.2224683425157843,0.03575794883095673,35.0
0.9385251204536071,1.035116209430357,-0.09659108897674984,34.0
0.945035401218987,1.0014603870025571,-0.056424985783570136,34.0
1.580694875181324,1.7244988864142545,-0.14380401123293063,34.0
0.5060530356880939,1.9486600790513837,-1.4426070433632898,34.0
0.9806057264208488,1.134616991061733,-0.15401126464088422,34.0
0.9767263150723081,1.0332664776263927,-0.05654016255408456,34.0
0.9978359209878253,0.9998266897746956,-0.0019907687868703228,34.0
0.9654203917544716,1.0919736001703206,-0.12655320841584905,34.0
0.9838812392553358,1.0816276048618132,-0.09774636560647743,33.0
0.9419276978077782,0.8021861149135181,0.13974158289426009,34.0
0.8570091886452786,0.8826178459574298,-0.025608657312151117,34.0
0.874868557303187,1.000700856459451,-0.12583229915626404,33.0
0.8734819509992967,1.1252032520325193,-0.25172130103322254,32.0
1.1202966516951223,1.2529936076348263,-0.132696955939704,32.0
